antecedents,consequents,support,confidence,lift
Mouse,Notebook,0.0010131712259371835,0.010695187165775402,0.1111173656065297
Notebook,Mouse,0.0010131712259371835,0.010526315789473684,0.11111736560652968
Laptop,Butter,0.0010131712259371835,0.01129943502824859,0.1042293679708538
Mouse,Butter,0.0010131712259371835,0.010695187165775402,0.09865560497776002
